[
  {
    "id": "apm",
    "body": {
      "description": "Default enrichment for APM events",
      "processors": [
        {
          "pipeline": {
            "name": "apm_ingest_timestamp"
          }
        },
        {
          "pipeline": {
            "name": "apm_user_agent"
          }
        },
        {
          "pipeline": {
            "name": "apm_user_geo"
          }
        },
        {
          "pipeline": {
            "name": "apm_remove_span_metadata"
          }
        },
        {
          "pipeline": {
            "name": "apm_error_grouping_name",
            "if": "ctx.processor?.event == 'error'"
          }
        },
        {
          "pipeline": {
            "name": "apm_metrics_dynamic_template",
            "if": "ctx.processor?.event == 'metric'"
          }
        }
      ]
    }
  },
  {
    "id": "apm_data_stream_migration",
    "body": {
      "description": "Migrate APM events to data streams",
      "processors": [
        {
          "script": {
            "if": "ctx.processor?.event == 'span' || ctx.processor?.event == 'transaction'",
            "source": "ctx.data_stream = [\"type\": \"traces\", \"dataset\": \"apm\", \"namespace\": \"migrated\"]\n"
          }
        },
        {
          "script": {
            "if": "ctx.processor?.event == 'error'",
            "source": "ctx.data_stream = [\"type\": \"logs\", \"dataset\": \"apm.error\", \"namespace\": \"migrated\"]\n"
          }
        },
        {
          "script": {
            "if": "ctx.processor?.event == 'metric'",
            "source": "String dataset;\nif (ctx[\"metricset.name\"] != \"app\") {\n  dataset = \"apm.internal\";\n} else {\n  String serviceName = ctx.service.name;\n  serviceName = serviceName.toLowerCase();\n  serviceName = /[\\\\\\/*?\"<>| ,#:-]/.matcher(serviceName).replaceAll('_');\n  dataset = \"apm.app.\" + serviceName;\n}\nctx.data_stream = [\"type\": \"metrics\", \"dataset\": dataset, \"namespace\": \"migrated\"];\n"
          }
        },
        {
          "set": {
            "if": "ctx.data_stream != null",
            "field": "_index",
            "value": "{{data_stream.type}}-{{data_stream.dataset}}-{{data_stream.namespace}}"
          }
        }
      ]
    }
  },
  {
    "id": "apm_user_agent",
    "body": {
      "description": "Add user agent information for APM events",
      "processors": [
        {
          "user_agent": {
            "field": "user_agent.original",
            "target_field": "user_agent",
            "ignore_missing": true,
            "ignore_failure": true
          }
        }
      ]
    }
  },
  {
    "id": "apm_user_geo",
    "body": {
      "description": "Add user geo information for APM events",
      "processors": [
        {
          "geoip": {
            "database_file": "GeoLite2-City.mmdb",
            "field": "client.ip",
            "target_field": "client.geo",
            "ignore_missing": true,
            "on_failure": [
              {
                "remove": {
                  "field": "client.ip",
                  "ignore_missing": true,
                  "ignore_failure": true
                }
              }
            ]
          }
        }
      ]
    }
  },
  {
    "id": "apm_ingest_timestamp",
    "body": {
      "description": "Add an ingest timestamp for APM events",
      "processors": [
        {
          "set": {
            "if": "ctx.processor?.event != 'span'",
            "field": "event.ingested",
            "value": "{{_ingest.timestamp}}"
          }
        }
      ]
    }
  },
  {
    "id": "apm_remove_span_metadata",
    "body": {
      "description": "Removes metadata fields available already on the parent transaction, to save storage",
      "processors": [
        {
          "remove": {
            "if": "ctx.processor?.event == 'span'",
            "field": [
              "host",
              "process",
              "user",
              "user_agent",
              "container",
              "kubernetes",
              "service.node",
              "service.version",
              "service.language",
              "service.runtime",
              "service.framework"
            ],
            "ignore_missing": true,
            "ignore_failure": true
          }
        }
      ]
    }
  },
  {
    "id": "apm_error_grouping_name",
    "body": {
      "description": "Set error.grouping_name for APM error events",
      "processors": [
        {
          "script": {
            "source": "ctx.error.grouping_name = ctx.error.exception[0].message",
            "if": "ctx.error?.exception?.length != null && ctx.error?.exception?.length > 0"
          }
        },
        {
          "set": {
            "field": "error.grouping_name",
            "value": "{{error.log.message}}",
            "if": "ctx.error?.log?.message != null"
          }
        }
      ]
    }
  },
  {
    "id": "apm_metrics_dynamic_template",
    "body": {
      "description": "Set dynamic_templates for application metrics",
      "processors": [
        {
          "script": {
            "if": "ctx._metric_descriptions != null",
            "source": "Map dynamic_templates = new HashMap();\nfor (entry in ctx._metric_descriptions.entrySet()) {\n  String name = entry.getKey();\n  Map description = entry.getValue();\n  String metric_type = description.type;\n  if (metric_type == \"histogram\") {\n    dynamic_templates[name] = \"histogram\";\n  }\n}\nctx._dynamic_templates = dynamic_templates;\nctx.remove(\"_metric_descriptions\");\n"
          }
        }
      ]
    }
  }
]